gene,effect_size,t_p,u_p,n_tnbc,n_other,t_q,u_q,pan_cancer_mean_effect,median_log2_rsem_tnbc_tumor
BROX,-0.09716102859945024,0.00027206516128998825,1.06946815943644e-05,25,1181,0.12013151335680575,0.02739519080979258,0.12836504696495882,8.685034485352968
GPAT3,-0.07250471666711503,9.773043066407705e-05,3.149325932447215e-05,25,1181,0.07619149357554632,0.056470563294711014,0.05032294326437527,6.589962634862108
TMEM234,-0.09027343201079792,0.0001955134227503911,3.611014077319862e-05,25,1181,0.10233693358401688,0.058862812200384036,0.05470496498517822,7.527184162229448
POFUT1,-0.10121672657920237,7.371205028128337e-05,4.7105005900252716e-05,25,1181,0.07619149357554632,0.07038665506645263,-0.052533179294680765,10.882357323759663
MTFR1L,-0.10838325549585132,0.0004416225839280709,5.241412639882193e-05,25,1181,0.13958647458021323,0.07229520772748277,-0.07594525691594267,9.572791710533409
LIX1L,-0.09742479953268987,0.0002806598805869455,7.108120264706637e-05,25,1181,0.12013151335680575,0.08497046964430315,-0.14626823618414792,9.00433634382663
CCDC82,-0.0793582481551276,0.0001070138309289781,8.69195564674099e-05,25,1181,0.07675460009550025,0.08884235880842112,0.11142310682179747,8.74200646070559
FMC1,-0.07223643829562887,0.0004155094337309767,0.00010404827031268995,25,1181,0.13958647458021323,0.08884235880842112,-0.03804069926724621,7.99815390970889
CLTB,-0.1059013913599644,0.00010427885692564736,0.00011389788280329261,25,1181,0.07675460009550025,0.08917319477215381,-0.1277658529578371,10.177234851721083
LY6E,-0.12306664843711401,0.0007089106449425425,0.00023307548052486194,25,1181,0.16507963764235709,0.11741902550297391,0.03391417480004378,13.025522837493924
H2AC6,-0.10934693213642888,0.0005614198926227993,0.0002694421621385805,25,1181,0.1482833035876405,0.11971237350806783,-0.4587572746196318,10.102398004170581
IFI6,-0.10254509344477301,0.0008388762269492147,0.00030148494684714553,25,1181,0.1728952830508778,0.12286196777082196,0.029700907706753817,11.889637486157255
ZFX,-0.22211317124367536,0.0013862429799078463,0.00035472593261957875,25,1181,0.2020871778270536,0.13251230620420137,-0.29500474941727806,9.30089834032565
FAM221B,-0.0803700661462518,0.0008231217480393002,0.00042403194720506265,25,1181,0.17162088446619408,0.1382421244606178,0.0036951158249812206,1.1191913783445298
APRT,-0.11358637769102478,0.003284412035965102,0.0005202456120816698,25,1181,0.25494715245407035,0.14807181063867333,-0.15436422600689867,10.717639711291142
TRIM35,-0.0760470107080144,0.00239064983624084,0.0004896455838112447,25,1181,0.23154784576771076,0.14807181063867333,0.10821347120529044,8.543227562259611
CREB3L4,-0.06479429187028327,0.0011198064563161959,0.0005091180326991252,25,1181,0.1912309482686258,0.14807181063867333,-0.057194994766020156,9.773861944655131
CDKN1A,-0.1746765875543648,9.905352459589883e-06,0.0006073084778724418,25,1181,0.0434753379141847,0.15142108037396032,0.2696459512678297,10.38416327314576
FBXL22,-0.06737228729210482,0.008533432951092738,0.0006712612636189218,25,1181,0.32695082531205955,0.16265386105339036,-0.02425912600331221,4.686105890655856
NALCN,-0.09014799858950988,0.00032188507859547485,0.0006885646590584273,25,1181,0.1254722031368578,0.16373246683254467,0.09615822689222227,5.647826516229995
TMEM116,-0.059841455266056935,0.0032137453256468776,0.0007122811373885743,25,1181,0.2538575657893135,0.16373246683254467,-0.01210374991132801,7.2595563049686715
SIGLEC8,-0.08139926442345702,0.024790874243159094,0.0007864097229587992,25,1181,0.4133464899823431,0.16535959242124867,-0.08667615072740915,4.521495299563245
SH3BP5L,-0.11597601333234564,0.002666617150899405,0.0009273366078413688,25,1181,0.24149046531705673,0.1662081822058303,-0.21385546905794048,10.213129121000138
TEKT4,-0.12927050933298143,0.003282570612431076,0.0009725649494323908,25,1181,0.25494715245407035,0.1662081822058303,-0.2381437298064445,1.7141052770810834
RBM6,-0.10977830336901204,0.0023034624149374304,0.0008914524296070237,25,1181,0.22980854016332,0.1662081822058303,-0.12235055559095918,10.081071055617326
DNAJB12,-0.10135460571929289,0.0014670136817853255,0.0009605733048133158,25,1181,0.20284919223340844,0.1662081822058303,-0.2636941515913685,10.152982529170536
KIF2C,-0.15004746371924982,0.004980266418429989,0.0010010865918370238,25,1181,0.29375380641075044,0.1662081822058303,-0.34322492857306547,10.13725265041818
BNIP3L,-0.06560262455550793,0.0006299427607115395,0.0008497367035960099,25,1181,0.156881995032203,0.1662081822058303,0.17560273360787076,10.80943930708605
RORA,-0.08452436996395823,0.001277190646190433,0.000862237088747214,25,1181,0.1940788599732259,0.1662081822058303,0.015702238824093502,8.197591476104666
BIRC7,-0.06547006383590033,0.0008880176225446044,0.0010388952429732342,25,1181,0.1752292510688812,0.16782369911489245,0.15762686208254198,1.4775720876760183
PCSK7,-0.09640675466570134,0.0018505663649327905,0.0010980917737997847,25,1181,0.20869500307930733,0.17136150338478184,-0.0360207068687889,9.529216149990077
GJB3,-0.10027875345942783,0.007343476048325432,0.001113940231325769,25,1181,0.3125579295597886,0.17136150338478184,-0.09933126857383111,7.14077025012031
PSMD9,-0.0843520046066085,0.001607355728411591,0.001127692677452694,25,1181,0.20576797113300574,0.17136150338478184,-0.2455289017778086,9.641924653297874
STK11IP,-0.09348491488056408,0.0016360793715492466,0.00114393551229961,25,1181,0.20576797113300574,0.1723689720255824,0.09388750965654338,8.73940834269526
GRIA4,-0.06355448659473541,0.007313873105629604,0.0013701944428757655,25,1181,0.3125579295597886,0.1779825658970119,0.033092757542561475,1.498414201567349
HPRT1,-0.09438939209545764,0.007539186087088856,0.0013701944428757655,25,1181,0.31548769807193106,0.1779825658970119,0.05084715827055922,10.018811882209977
NPHP4,-0.07498841747897174,0.0024679953362682465,0.001389635783033945,25,1181,0.23197575398849446,0.1779825658970119,-0.1054737164886919,8.044233692905799
SORBS1,-0.05983666057181272,0.0021998239134521425,0.0014121657734327163,25,1181,0.22806111872222962,0.17867933136892986,0.10827035302699849,9.472591045238039
PRRC2A,-0.15823080632120856,0.0017827349923598304,0.0014758712061505594,25,1181,0.20576797113300574,0.18377671248253943,-0.5172345100133428,13.05339548465995
ABCC6,-0.09918208294800325,0.0015360760992252738,0.0016223172024638645,12,370,0.20284919223340844,0.18889460881415296,-0.04648180663672914,4.0456564862314135
